# data aggregated from previous sheet,,,,,,,,,,,,
# Note that all by TS and VS are repeated values because those were prepared according to the different OL's based on VS,,,,,,,,,,,,
Recipe,OL,Time,Ammonia,pH,Cum CH4,sCOD,sCOD_err,TS,VS,Coliforms,E. coli,Enterococci
FWS12,0.5,0,370,4.9,0,159008.0897,21404.19307,34.5358185,3.552678802,8704000,4786000,488400
FWS13,0.5,0,1900,6.28,0,28465.28901,650.4383589,8.28415823,3.552678802,9080000,7670000,1986300
FWS31,0.5,0,1200,6.72,0,15953.7312,1222.449163,16.42072159,3.552678802,3990000,3270000,93300
FWS12,2,0,370,4.9,0,159008.0897,21404.19307,34.5358185,4.602678802,8704000,4786000,488400
FWS13,2,0,1900,6.28,0,28465.28901,650.4383589,8.28415823,4.602678802,9080000,7670000,1986300
FWS31,2,0,1200,6.72,0,15953.7312,1222.449163,16.42072159,4.602678802,3990000,3270000,93300
FWS12,3.5,0,370,4.9,0,159008.0897,21404.19307,34.5358185,5.652678802,8704000,4786000,488400
FWS13,3.5,0,1900,6.28,0,28465.28901,650.4383589,8.28415823,5.652678802,9080000,7670000,1986300
FWS31,3.5,0,1200,6.72,0,15953.7312,1222.449163,16.42072159,5.652678802,3990000,3270000,93300